<?xml version="1.0" encoding="UTF-8" standalone="yes"?>
<addon id="plugin.program.RomyBuild18.4Android" name="RomyCupidon Wizard" version="1.0.1" provider-name="RomyCupidon">
  <requires>
    <import addon="xbmc.python" version="2.1.0"/>
  </requires>
  <extension point="xbmc.python.pluginsource" library="default.py">
        <provides>program executable</provides>
  </extension>
  <extension point="xbmc.addon.metadata">
		<summary lang="en">RomyCupidon Wizard</summary>
		<description lang="en">RomyBuild18</description>
		<disclaimer lang="en">Acest build este optimizat pentru Android.</disclaimer>
		<platform>all</platform>
		<facebook></facebook>
		<website>http://documentarys.do.am/</website>
	</extension>
</addon>
